[
    {
      "languageId": 1,
      "lanagugeName": "English",
      "languageCode": "en",
      "languageDisplayName": "English",
      "order": 0,
      "refId": "bf4c688b-f213-4de8-b7a4-fd48983b4d08",
      "createdBy": null,
      "createdAt": "2024-01-17T06:33:47.412193Z",
      "modfiedBy": null,
      "modifiedAt": null,
      "IsActive": 1
    },
    {
      "languageId": 2,
      "lanagugeName": "Japanese",
      "languageCode": "ja",
      "languageDisplayName": "Japanese",
      "order": 0,
      "refId": "7cabf059-da9f-4c2d-a16e-f6fa3351fda0",
      "createdBy": null,
      "createdAt": "2024-01-17T06:33:47.412194Z",
      "modfiedBy": null,
      "modifiedAt": null,
      "IsActive": 1
    },
    {
      "languageId": 3,
      "lanagugeName": "German",
      "languageCode": "de",
      "languageDisplayName": "German",
      "order": 0,
      "refId": "a41d9dad-42cb-449a-819c-dd1ec10362d6",
      "createdBy": null,
      "createdAt": "2024-01-17T06:33:47.412194Z",
      "modfiedBy": null,
      "modifiedAt": null,
      "IsActive": 1
    },
    {
      "languageId": 4,
      "lanagugeName": "Dutch",
      "languageCode": "nl",
      "languageDisplayName": "Dutch",
      "order": 0,
      "refId": "cb71e5fa-e93f-4c6e-89c9-8b8ea0bec336",
      "createdBy": null,
      "createdAt": "2024-01-17T06:33:47.412194Z",
      "modfiedBy": null,
      "modifiedAt": null,
      "IsActive": 1
    },
    {
      "languageId": 5,
      "lanagugeName": "French",
      "languageCode": "fr",
      "languageDisplayName": "French",
      "order": 0,
      "refId": "85ed96c5-d809-4e0c-924a-645fff024846",
      "createdBy": null,
      "createdAt": "2024-01-17T06:33:47.412194Z",
      "modfiedBy": null,
      "modifiedAt": null,
      "IsActive": 1
    },
    {
      "languageId": 6,
      "lanagugeName": "Italian",
      "languageCode": "it",
      "languageDisplayName": "Italian",
      "order": 0,
      "refId": "2abf5a32-a88c-44db-9634-27c1140e96eb",
      "createdBy": null,
      "createdAt": "2024-01-17T06:33:47.412194Z",
      "modfiedBy": null,
      "modifiedAt": null,
      "IsActive": 1
    },
    {
      "languageId": 7,
      "lanagugeName": "European Spanish",
      "languageCode": "es_es",
      "languageDisplayName": "European Spanish",
      "order": 0,
      "refId": "e07bb150-2489-495d-9078-a013543b4d9c",
      "createdBy": null,
      "createdAt": "2024-01-17T06:33:47.412194Z",
      "modfiedBy": null,
      "modifiedAt": null,
      "IsActive": 1
    },
    {
      "languageId": 8,
      "lanagugeName": "Mexican Spanish",
      "languageCode": "es_xl",
      "languageDisplayName": "Mexican Spanish",
      "order": 0,
      "refId": "0aa1513f-6567-46e1-8893-6d7ccf877647",
      "createdBy": null,
      "createdAt": "2024-01-17T06:33:47.412195Z",
      "modfiedBy": null,
      "modifiedAt": null,
      "IsActive": 1
    },
    {
      "languageId": 9,
      "lanagugeName": "Portuguese",
      "languageCode": "pt",
      "languageDisplayName": "Portuguese",
      "order": 0,
      "refId": "78894a92-76d5-4783-922d-ba18f1056a94",
      "createdBy": null,
      "createdAt": "2024-01-17T06:33:47.412195Z",
      "modfiedBy": null,
      "modifiedAt": null,
      "IsActive": 1
    },
    {
      "languageId": 10,
      "lanagugeName": "Hungarian",
      "languageCode": "hu",
      "languageDisplayName": "Hungarian",
      "order": 0,
      "refId": "d299b1ed-a385-47ca-a7b0-81648ad93290",
      "createdBy": null,
      "createdAt": "2024-01-17T06:33:47.412195Z",
      "modfiedBy": null,
      "modifiedAt": null,
      "IsActive": 1
    },
    {
      "languageId": 11,
      "lanagugeName": "Polish",
      "languageCode": "pl",
      "languageDisplayName": "Polish",
      "order": 0,
      "refId": "7db03463-143d-4d37-8019-7c368bba7e9c",
      "createdBy": null,
      "createdAt": "2024-01-17T06:33:47.412195Z",
      "modfiedBy": null,
      "modifiedAt": null,
      "IsActive": 1
    },
    {
      "languageId": 12,
      "lanagugeName": "Danish",
      "languageCode": "da",
      "languageDisplayName": "Danish",
      "order": 0,
      "refId": "dc3136a4-5508-47a1-8c9d-e861d92a9d76",
      "createdBy": null,
      "createdAt": "2024-01-17T06:33:47.412195Z",
      "modfiedBy": null,
      "modifiedAt": null,
      "IsActive": 1
    },
    {
      "languageId": 13,
      "lanagugeName": "Czech",
      "languageCode": "cs",
      "languageDisplayName": "Czech",
      "order": 0,
      "refId": "3daad331-66e3-4033-9ce0-084a51ea7add",
      "createdBy": null,
      "createdAt": "2024-01-17T06:33:47.412196Z",
      "modfiedBy": null,
      "modifiedAt": null,
      "IsActive": 1
    },
    {
      "languageId": 14,
      "lanagugeName": "Norwegian",
      "languageCode": "no",
      "languageDisplayName": "Norwegian",
      "order": 0,
      "refId": "79baaa3b-b0b7-432e-a0ca-dd78c802bd0d",
      "createdBy": null,
      "createdAt": "2024-01-17T06:33:47.412196Z",
      "modfiedBy": null,
      "modifiedAt": null,
      "IsActive": 1
    },
    {
      "languageId": 15,
      "lanagugeName": "Swedish",
      "languageCode": "sv",
      "languageDisplayName": "Swedish",
      "order": 0,
      "refId": "86381ed6-da7e-4c92-ac19-6554c34bedbb",
      "createdBy": null,
      "createdAt": "2024-01-17T06:33:47.412196Z",
      "modfiedBy": null,
      "modifiedAt": null,
      "IsActive": 1
    },
    {
      "languageId": 16,
      "lanagugeName": "Turkey",
      "languageCode": "tr",
      "languageDisplayName": "Turkey",
      "order": 0,
      "refId": "4fc4ee9c-265f-4de8-b26b-2ea0e60aa423",
      "createdBy": null,
      "createdAt": "2024-01-17T06:33:47.412196Z",
      "modfiedBy": null,
      "modifiedAt": null,
      "IsActive": 1
    },
    {
      "languageId": 17,
      "lanagugeName": "Greek",
      "languageCode": "gr",
      "languageDisplayName": "Greek",
      "order": 0,
      "refId": "3e669d68-f48b-4a97-a3df-80e40223b728",
      "createdBy": null,
      "createdAt": "2024-01-17T06:33:47.412196Z",
      "modfiedBy": null,
      "modifiedAt": null,
      "IsActive": 1
    },
    {
      "languageId": 18,
      "lanagugeName": "Russian",
      "languageCode": "ru",
      "languageDisplayName": "Russian",
      "order": 0,
      "refId": "e6022f9c-9099-498c-8be7-0f37b739476a",
      "createdBy": null,
      "createdAt": "2024-01-17T06:33:47.412201Z",
      "modfiedBy": null,
      "modifiedAt": null,
      "IsActive": 1
    },
    {
      "languageId": 19,
      "lanagugeName": "Thai",
      "languageCode": "th",
      "languageDisplayName": "Thai",
      "order": 0,
      "refId": "0e2bff71-0f00-4191-92d3-716cb7a07a45",
      "createdBy": null,
      "createdAt": "2024-01-17T06:33:47.412201Z",
      "modfiedBy": null,
      "modifiedAt": null,
      "IsActive": 1
    },
    {
      "languageId": 20,
      "lanagugeName": "Indonesian",
      "languageCode": "id",
      "languageDisplayName": "Indonesian",
      "order": 0,
      "refId": "75f6a46e-e80c-4c79-abbc-0d20f9793d83",
      "createdBy": null,
      "createdAt": "2024-01-17T06:33:47.412202Z",
      "modfiedBy": null,
      "modifiedAt": null,
      "IsActive": 1
    },
    {
      "languageId": 21,
      "lanagugeName": "Arabic",
      "languageCode": "ar",
      "languageDisplayName": "Arabic",
      "order": 0,
      "refId": "e0f3278e-4e1f-4deb-810c-21f082e5d944",
      "createdBy": null,
      "createdAt": "2024-01-17T06:33:47.412202Z",
      "modfiedBy": null,
      "modifiedAt": null,
      "IsActive": 1
    },
    {
      "languageId": 22,
      "lanagugeName": "Slovak",
      "languageCode": "sk",
      "languageDisplayName": "Slovak",
      "order": 0,
      "refId": "30655033-1e80-4bbb-b78e-7fd11f517e80",
      "createdBy": null,
      "createdAt": "2024-01-17T06:33:47.412202Z",
      "modfiedBy": null,
      "modifiedAt": null,
      "IsActive": 1
    },
    {
      "languageId": 23,
      "lanagugeName": "Romanian",
      "languageCode": "ro",
      "languageDisplayName": "Romanian",
      "order": 0,
      "refId": "1d6994cf-e20a-49d3-bb79-fbcec6bb6617",
      "createdBy": null,
      "createdAt": "2024-01-17T06:33:47.412202Z",
      "modfiedBy": null,
      "modifiedAt": null,
      "IsActive": 1
    },
    {
      "languageId": 24,
      "lanagugeName": "Ukraine",
      "languageCode": "ua",
      "languageDisplayName": "Ukraine",
      "order": 0,
      "refId": "8e854d1a-a20f-47c0-a31c-18728e5d4216",
      "createdBy": null,
      "createdAt": "2024-01-17T06:33:47.412202Z",
      "modfiedBy": null,
      "modifiedAt": null,
      "IsActive": 1
    }
  ]